email,username,name,age
email1@domainname.gr,user1,Kostas Alexopoulos,20
email2@domainname.gr,user2,Dimitris Papageorgiou,25
email3@domainname.gr,user3,Alexis Dimitropoulos,30
email4@domainname.gr,user4,Leonidas Markos,45
email5@domainname.gr,user5,Alexandros Gotsopoulos,44
email6@domainname.gr,user6,Dimitris Georgiou,49
email7@domainname.gr,user7,Alexandros Markatos,34
email8@domainname.gr,user8,Dimitris Markopoulos,24
email11@domainname.gr,user11,Manolis Manolopoulos,23
email12@domainname.gr,user12,Alex Klavdianos,50
email15@domainname.gr,user15,Soriris Markopoulos,46
email16@domainname.gr,user16,Sotiris Dimitropoulos,47
email17@domainname.gr,user17,Maria Alexiou,35
email18@domainname.gr,user18,Maria Dimopoulou,56
email20@domainname.gr,user20,Maria Markatou,32
email21@domainname.gr,user21,Maria Drougouti,34
email22@domainname.gr,user22,Maria Papadopoulou,35
email23@domainname.gr,user23,Maria Denazi,23
email24@domainname.gr,user24,Maria Kalogeropoulou,24
email25@domainname.gr,user25,Maria Dimitriou,56
